id,title,description,availability,condition,price,link,image_link,brand,google_product_category
4,"Celimax The Vita A Retinal Shot Tightening Booster – 15 ml","🔹 سيروم ريتينال مركز من سليمكس يساعد على تحسين مرونة البشرة وشد الترهلات
🔹 يحتوي على ريتينال (أقوى من الريتينول) لتحفيز تجديد الخلايا وتقليل الخطوط الدقيقة
🔹 تركيبة لطيفة مناسبة حتى للبشرة الحساسة
🔹 يأتي بتركيز فعّال بتركيبة مضادة للتهيج لضمان أقصى فاعلية بدون تحسس
🔹 مناسب للاستخدام الليلي للحصول على نتائج واضحة خلال أسابيع",in stock,new,800 EGP,https://www.yurigloweg.com/products/celimax-the-vita-a-retinal-shot-tightening-booster-15-ml-4,https://ojhmixspicxmtyjgmcck.supabase.co/storage/v1/object/public/product-images/public/hdzxsa356m_1788534940975.webp,Yuri Glow,"العناية بالبشرة"
7,"Fino Premium Touch Hair Repair Bundle (Shampoo + Conditioner )","روتين متكامل لإصلاح وترطيب الشعر 
-  الشامبو: ينظف الشعر بلطف ويتركه ناعم ومنتعش بدون ما يثقله.
- الكونديشنر: يرطب بعمق، يقلل التشابك والهيشان، ويخلي الشعر أنعم وأسهل في التصفيف.

مع بعض = شعر أنعم، أكثر لمعانًا ومظهره صحي من أول استخدام",in stock,new,2200 EGP,https://www.yurigloweg.com/products/fino-premium-touch-hair-repair-bundle-shampoo-conditioner-7,https://ojhmixspicxmtyjgmcck.supabase.co/storage/v1/object/public/product-images/public/v7o9n2301b_1788542950347.webp,Yuri Glow,"العناية بالشعر"
2,"Arencia Vitamin C Booster Shot 30ml","تركيبة قوية بتركيز عالٍ من فيتامين C لتحسين إشراقة البشرة
يساعد في توحيد لون البشرة وتقليل البقع الداكنة
يعزز إنتاج الكولاجين لتحسين مرونة البشرة
مضاد أكسدة فعّال يحمي البشرة من العوامل البيئية
ملمس خفيف يمتص بسرعة دون ترك أثر دهني
مناسب للاستخدام الصباحي أو الليلي",in stock,new,900 EGP,https://www.yurigloweg.com/products/arencia-vitamin-c-booster-shot-30ml-2,https://ojhmixspicxmtyjgmcck.supabase.co/storage/v1/object/public/product-images/public/wwpuf2vucw_1788521383239.webp,Yuri Glow,"العناية بالبشرة"
3,"Numbuzin No.9 NAD+ Retinol Volumetox Eye Cream 10 ML","كريم عين غني بالريتينول وNAD+ لتجديد خلايا البشرة
يقلّل الخطوط الدقيقة ويشد المنطقة حول العين
يفتح مظهر الهالات السوداء ويرطب بعمق
تركيبة خفيفة سريعة الامتصاص بدون لزوجة
يحتوي على الببتيدات والهيالورونيك أسيد لنعومة فورية
مناسب لجميع أنواع البشرة خاصة الناضجة.
يمنح عيون أكثر إشراقًا وشبابًا بملمس ناعم.
حجم عملي مثالي للسفر والاستخدام اليومي.",in stock,new,950 EGP,https://www.yurigloweg.com/products/numbuzin-no-9-nad-retinol-volumetox-eye-cream-10-ml-3,https://ojhmixspicxmtyjgmcck.supabase.co/storage/v1/object/public/product-images/public/dbm0yzadlvl_1788535161547.webp,Yuri Glow,"العناية بالبشرة"
5,"Dr. Althea 345 Relief Cream 50ml","تركيبة مميزة تحتوي على مكونات طبيعية لطيفة ومغذية للبشرة
غني بمركبات مرطبة تضمن ترطيبًا مستمرًا يدوم طوال اليوم
خالٍ من المواد الكيميائية الضارة، مما يجعله مثاليًا للبشرة الحساسة.",in stock,new,1200 EGP,https://www.yurigloweg.com/products/dr-althea-345-relief-cream-50ml-5,https://ojhmixspicxmtyjgmcck.supabase.co/storage/v1/object/public/product-images/public/r25va6fuble_1788704664536.jpg,Yuri Glow,"العناية بالبشرة"
1,"Mary&May Tranexamic Acid+ Glutathion Eye Cream","ودّعي الهالات والسواد تحت العين مع كريم العين الكوري للتفتيح من ماري اند ماي – تركيبة فعالة تحتوي على حمض الترانيكساميك والجلوتاثيون لتفتيح المنطقة الحساسة حول العين وتقليل الانتفاخات
بتركيبته الخفيفة والسريعة الامتصاص، هيخلي عيونك تشع نضارة من أول أسبوع!",in stock,new,650 EGP,https://www.yurigloweg.com/products/mary-may-tranexamic-acid-glutathion-eye-cream-1,https://ojhmixspicxmtyjgmcck.supabase.co/storage/v1/object/public/product-images/public/825jb8kdlrt_1788535721439.jpg,Yuri Glow,"العناية بالبشرة"
6,"Dr. Althea - 345 Relief Cream Mist Mini 60Ml","ترطيب وتهدئة في رشة واحدة
تركيبة مزدوجة بفعالية عالية
مثالي قبل وبعد المكياج
لا يترك ملمسًا دهنيًا
مناسب للبشرة الحساسة
عبوة عملية للاستخدام في أي وقت",in stock,new,950 EGP,https://www.yurigloweg.com/products/dr-althea-345-relief-cream-mist-mini-60ml-6,https://ojhmixspicxmtyjgmcck.supabase.co/storage/v1/object/public/product-images/public/5cqv0qty95l_1788535354878.webp,Yuri Glow,"العناية بالبشرة"
8,"Karseell Collagen Hair Treatment 500G","كريم علاجي غني بالكولاجين من Karseell، مصمم خصيصًا لترميم الشعر التالف واستعادة مرونته ولمعانه.
يحتوي على كبسولات كولاجين مركّزة تتفجر عند الاستخدام لتمنح الشعر تغذية عميقة من الجذور حتى الأطراف.

مميزات المنتج: كولاجين للشعر التالف من Karseell

غني بكبسولات كولاجين مركزة بتمتصها الشعرة فورًا
تركيبة علاجية تعيد اللمعان والمرونة للشعر المجهد
مناسب لكل أنواع الشعر وخاصة التالف والجاف
خفيف على الشعر ومش بيسبب أي دهون أو ثقل
فوائد المنتج:

تقليل التقصف والهيشان من أول استخدام
ترطيب عميق واستعادة بنية الشعر التالفة
حماية من العوامل البيئية والحرارة
بيساعد على تحسين ملمس الشعر ويخلي تسريحه أسهل
طريقة الاستخدام:

اغسلي شعرك بالشامبو واشطفيه كويس
وزعي كمية مناسبة من الكريم على الشعر الرطب
دلكي بلطف من الجذور للأطراف
اتركيه 10–15 دقيقة
اشطفيه بالمياه الفاترة وتمتعي بإحساس الشعر الصحي
اختاري الصحة والنعومة لشعرك من أول استخدام!
 أضيفي كريم Karseell كولاجين للشعر التالف لسلة مشترياتك الآن واستعيدي تألق شعرك الطبيعي.",in stock,new,900 EGP,https://www.yurigloweg.com/products/karseell-collagen-hair-treatment-500g-8,https://ojhmixspicxmtyjgmcck.supabase.co/storage/v1/object/public/product-images/public/bdo8su8kcr6_1788543287971.jpeg,Yuri Glow,"العناية بالشعر"
10,"SKIN1004 Madagascar Centella Light Cleansing Oil 200 ML","غسول زيتي خفيف يزيل الشوائب والمكياج بفعالية
يحتوي على مستخلص السنتيلا وزيوت طبيعية تحافظ على ترطيب البشرة
مثالي للبشرة الحساسة، يهدئ التهيج ويمنح شعورًا بالراحة",in stock,new,950 EGP,https://www.yurigloweg.com/products/skin1004-madagascar-centella-light-cleansing-oil-200-ml-10,https://ojhmixspicxmtyjgmcck.supabase.co/storage/v1/object/public/product-images/public/q2br5ilro8_1788630186118.webp,Yuri Glow,"العناية بالبشرة"
59,"SKIN1004 Madagascar Centella Matrixyl 10 Boosting Shot Ampoule – 30ml","سيروم كوري متطور لمقاومة علامات تقدم السن، 
غني بالببتيدات وخلاصة السنتيلا الآسيوية، بيساعد على تحسين مرونة البشرة وشدها وترطيبها بعمق، مع تقنية الإبر الدقيقة (Micro-Spicules) لتعزيز امتصاص المكونات الفعاله",in stock,new,1050 EGP,https://www.yurigloweg.com/products/skin1004-madagascar-centella-matrixyl-10-boosting-shot-ampoule-30ml-59,https://ojhmixspicxmtyjgmcck.supabase.co/storage/v1/object/public/product-images/public/euc16uprjhm_1791127125586.webp,Yuri Glow,"العناية بالبشرة"
14,"AXIS-Y Triple PDRN Gel Toner – 270 ML","تونر جل مرطب ومهدئ بحجم 270ml، مصمم للبشرة المجهدة أو الجافة أو التي تعاني من ضعف حاجز البشرة. تركيبته الجل الخفيفة بتدي ترطيب مريح من غير إحساس بالثقل، وبتساعد على تهدئة الاحمرار ودعم حاجز البشرة ومرونتها. ",in stock,new,1150 EGP,https://www.yurigloweg.com/products/axis-y-triple-pdrn-gel-toner-270-ml-14,https://ojhmixspicxmtyjgmcck.supabase.co/storage/v1/object/public/product-images/public/40zlvg2a9k1_1788693580354.jpeg,Yuri Glow,"العناية بالبشرة"
12,"Fino Premium Touch Hair Care Set","1. Fino Premium Touch Shampoo

شامبو فينو يساعد على تنظيف الشعر وفروة الرأس من الشوائب والزيوت المتراكمة، مع الحفاظ على إحساس الشعر بالنعومة والراحة بعد الغسيل.

المواصفات:

نوع المنتج: شامبو للشعر.
العلامة التجارية: Fino.
الخط: Premium Touch.
مناسب لتنظيف الشعر ضمن الروتين اليومي أو الأسبوعي.
يساعد على إزالة الشوائب وبقايا المنتجات.
مناسب كبداية لروتين العناية المتكامل من فينو.
يمنح الشعر إحساسًا بالنظافة والانتعاش.

2. Fino Premium Touch Conditioner

بلسم فينو يساعد على تنعيم الشعر بعد الشامبو، ويجعل التصفيف أسهل مع تقليل مظهر التشابك والجفاف.

المواصفات:

نوع المنتج: بلسم للشعر.
العلامة التجارية: Fino.
الخط: Premium Touch.
يستخدم بعد الشامبو.
يساعد على تنعيم الشعر وتسهيل تمشيطه.
مناسب للشعر الجاف أو المتشابك.
يمنح الشعر ملمسًا أكثر انسيابية.

3. Fino Premium Touch Hair Mask

ماسك فينو للشعر يقدم عناية أعمق للشعر الجاف والمتضرر، ويساعد على تحسين مظهر الشعر الباهت والمرهق.

المواصفات:

نوع المنتج: ماسك عناية بالشعر.
العلامة التجارية: Fino.
الخط: Premium Touch.
مناسب للشعر الجاف، الباهت، والمتضرر.
يساعد على ترطيب الشعر وتحسين ملمسه.
يمنح الشعر مظهرًا أكثر نعومة ولمعانًا.
يستخدم مرة إلى مرتين أسبوعيًا أو حسب احتياج الشعر.",in stock,new,3000 EGP,https://www.yurigloweg.com/products/fino-premium-touch-hair-care-set-12,https://ojhmixspicxmtyjgmcck.supabase.co/storage/v1/object/public/product-images/public/wtj25lso6ic_1788652715984.webp,Yuri Glow,"العناية بالشعر"
53,"Dr. Althea Vitamin C Boosting Serum – 63%","سيروم كوري لتفتيح البشرة وتعزيز النضارة وتقليل مظهر التصبغات والبقع الداكنة، مع تركيبة تجمع بين مكونات التفتيح والترطيب والتهدئة في سيروم واحد",in stock,new,1200 EGP,https://www.yurigloweg.com/products/dr-althea-vitamin-c-boosting-serum-63-53,https://ojhmixspicxmtyjgmcck.supabase.co/storage/v1/object/public/product-images/public/41qadwn55kx_1790697721691.jpeg,Yuri Glow,"العناية بالبشرة"
13,"Numbuzin No.9 NAD Bio Lifting-Sil Essence_50ml","لو بشرتك بدأت تفقد مرونتها وظهرت الخطوط الدقيقة، جربي سيروم نمبوزين 9 Numbuzin No.9 Bio Lifting Essence—تركيبة ذكية من كوريا تم تطويرها خصيصًا لرفع البشرة، تصحيح ملامح الوجه، ومحاربة علامات التقدم بالعمر من جذورها. النتيجة؟ بشرة مشدودة، مرفوعة، وأكثر نضارة بدون بوتوكس!",in stock,new,1100 EGP,https://www.yurigloweg.com/products/numbuzin-no-9-nad-bio-lifting-sil-essence_50ml-13,https://ojhmixspicxmtyjgmcck.supabase.co/storage/v1/object/public/product-images/public/i4isdk57nu_1788693695032.jpeg,Yuri Glow,"العناية بالبشرة"
11,"Numbuzin No.9 NAD Peptides Dewy Sun Essence 50ml","- واقي شمس كوري من Numbuzin.
- حماية عالية SPF50+ PA++++.
- يحتوي على NAD+ Peptides.
- قوام خفيف يشبه الإيسنس.
- يمنح البشرة لمسة Dewy مشرقة.
- مناسب للاستخدام اليومي.
- يساعد على ترطيب البشرة أثناء الحماية.
- مثالي قبل المكياج أو ضمن الروتين الصباحي.",in stock,new,950 EGP,https://www.yurigloweg.com/products/numbuzin-no-9-nad-peptides-dewy-sun-essence-50ml-11,https://ojhmixspicxmtyjgmcck.supabase.co/storage/v1/object/public/product-images/public/0svb80r641l_1788693858327.jpeg,Yuri Glow,"العناية بالبشرة"
9,"Anua Azelaic Acid 10 + Hyaluron Redness Soothing Serum 30Ml","مميزات المنتج: سيروم أنوا حمض الأزيليك 10%

يهدئ الاحمرار بفعالية ويُرطب البشرة الحساسة.
يقلل من ظهور الحبوب والبقع الناتجة عن الالتهاب.
يرطب بعمق ويقوي حاجز البشرة الواقي.
تركيبة خفيفة وسريعة الامتصاص بدون ملمس دهني.
آمن للبشرة الحساسة والدهنية.
طريقة الاستخدام:

بعد غسل الوجه، يوضع التونر ثم ضعي كمية صغيرة من السيروم.
دلكي بلطف حتى يتم امتصاصه.
يُستخدم صباحًا ومساءً قبل الكريم المرطب.
المكونات الرئيسية وفوائدها:

حمض الأزيليك (10٪): يساعد في تهدئة الاحمرار وتنقية المسام.
حمض الهيالورونيك: يرطب البشرة بعمق ويحافظ على ليونتها.
مستخلصات طبيعية: تمنح إشراقة وتوازن للبشرة.
دلّلي بشرتك مع سيروم أنوا حمض الأزيليك 10% وحمض الهيالورونيك لتهدئة الاحمرار – لبشرة أكثر راحة ونقاء يومًا بعد يوم!",in stock,new,1150 EGP,https://www.yurigloweg.com/products/anua-azelaic-acid-10-hyaluron-redness-soothing-serum-30ml-9,https://ojhmixspicxmtyjgmcck.supabase.co/storage/v1/object/public/product-images/public/a9ptuuesvb_1788543565226.webp,Yuri Glow,"العناية بالبشرة"
18,"The Ordinary AHA 30% + BHA 2% Peeling Solution","مقشر قوي للوجه يجمع بين أحماض AHA بتركيز 30% وBHA بتركيز 2%، بيساعد على إزالة خلايا الجلد الميتة، تنعيم ملمس البشرة، تقليل مظهر المسام والانسداد، وتحسين مظهر التصبغات وتوحيد لون البشرة. ويُعتبر من المقشرات عالية التركيز، لذلك مناسب أكثر للي بشرتهم متعودة على استخدام الأحماض",in stock,new,1200 EGP,https://www.yurigloweg.com/products/the-ordinary-aha-30-bha-2-peeling-solution-18,https://ojhmixspicxmtyjgmcck.supabase.co/storage/v1/object/public/product-images/public/hl9pk49c5zr_1788703662268.jpeg,Yuri Glow,"العناية بالبشرة"
19,"The Ordinary Hyaluronic Acid 2% + B5","سيروم مرطب خفيف يساعد على ترطيب البشرة بعمق وتحسين ملمسها ومظهرها، ويحتوي على حمض الهيالورونيك بأوزان جزيئية مختلفة مع Pro-Vitamin B5 (Panthenol) لدعم حاجز البشرة والحفاظ على الرطوبة. مناسب لجميع أنواع البشرة، خصوصًا البشرة الجافة والمُعرضة للجفاف",in stock,new,1200 EGP,https://www.yurigloweg.com/products/the-ordinary-hyaluronic-acid-2-b5-19,https://ojhmixspicxmtyjgmcck.supabase.co/storage/v1/object/public/product-images/public/fk8f263zhi7_1788704216636.webp,Yuri Glow,"العناية بالبشرة"
17,"The Ordinary Glycolic Acid 7% Exfoliating Toner 240 ml","تونر مقشّر بتركيبة مائية تحتوي على 7% Glycolic Acid، وهو من أحماض الـAHA التي تساعد على إزالة خلايا الجلد الميتة وتحسين ملمس البشرة وتوحيد مظهر لونها، للحصول على بشرة أنعم وأكثر إشراقًا",in stock,new,1500 EGP,https://www.yurigloweg.com/products/the-ordinary-glycolic-acid-7-exfoliating-toner-240-ml-17,https://ojhmixspicxmtyjgmcck.supabase.co/storage/v1/object/public/product-images/public/2rat1nt5eow_1788696609851.webp,Yuri Glow,"العناية بالبشرة"
20,"The Ordinary Niacinamide 10% + Zinc 1%","سيروم خفيف يحتوي على نياسيناميد 10% + زنك 1%، يساعد على تحسين مظهر البشرة وتنظيم إفراز الدهون، وتقليل مظهر المسام والعيوب، كما يساعد على توحيد مظهر لون البشرة",in stock,new,1200 EGP,https://www.yurigloweg.com/products/the-ordinary-niacinamide-10-zinc-1-20,https://ojhmixspicxmtyjgmcck.supabase.co/storage/v1/object/public/product-images/public/6pp44jrefqh_1788704551654.jpeg,Yuri Glow,"العناية بالبشرة"
21,"AXIS-Y Dark Spot Correcting Glow Serum","سيروم خفيف وسريع الامتصاص، يحتوي على 5% نياسيناميد مع السكوالان ومستخلصات نباتية غنية بمضادات الأكسدة. يساعد على تقليل مظهر البقع الداكنة وآثار الحبوب، وتحسين إشراقة وتجانس لون البشرة، مع دعم ترطيب وحاجز البشرة",in stock,new,850 EGP,https://www.yurigloweg.com/products/axis-y-dark-spot-correcting-glow-serum-21,https://ojhmixspicxmtyjgmcck.supabase.co/storage/v1/object/public/product-images/public/cgemwdivdwi_1788852369652.jpeg,Yuri Glow,"العناية بالبشرة"
23,"Arencia Eraser Shot Glycolic Acid Booster  30 ml","Eraser Shot Glycolic Acid Booster هو بوستر مقشّر بتركيبة تجمع بين AHA + BHA + PHA، يساعد على إزالة تراكمات وخلايا الجلد الميت، تنعيم ملمس البشرة وتحسين مظهر المسام والانسداد، مع مكونات مهدئة وداعمة لحاجز البشرة. قوامه خفيف ويمتص بسهولة بدون إحساس ثقيل على البشرة",in stock,new,900 EGP,https://www.yurigloweg.com/products/arencia-eraser-shot-glycolic-acid-booster-30-ml-23,https://ojhmixspicxmtyjgmcck.supabase.co/storage/v1/object/public/product-images/public/mefvi0rtewo_1788913022197.webp,Yuri Glow,"العناية بالبشرة"
24,"SKIN1004 Tone Brightening Ampoule – 30ml","أمبول خفيف وسريع الامتصاص، يحتوي على كبسولات تفتيح صغيرة تذوب عند ملامستها للبشرة. يساعد على توحيد لون البشرة، تحسين مظهر التصبغات والبقع الداكنة، وتقليل البهتان، مع ترك البشرة أكثر نضارة ونعومة. كما يحتوي على سنتيلا لتهدئة البشرة ودعم مظهرها الصحي",in stock,new,600 EGP,https://www.yurigloweg.com/products/skin1004-tone-brightening-ampoule-30ml-24,https://ojhmixspicxmtyjgmcck.supabase.co/storage/v1/object/public/product-images/public/sho0ipth9mm_1788913406076.jpeg,Yuri Glow,"العناية بالبشرة"
25,"SKIN1004 Tone Brightening Ampoule – 50ml","أمبول خفيف وسريع الامتصاص، يحتوي على كبسولات تفتيح صغيرة تذوب عند ملامستها للبشرة. يساعد على توحيد لون البشرة، تحسين مظهر التصبغات والبقع الداكنة، وتقليل البهتان، مع ترك البشرة أكثر نضارة ونعومة. كما يحتوي على سنتيلا لتهدئة البشرة ودعم مظهرها الصحي. ",in stock,new,950 EGP,https://www.yurigloweg.com/products/skin1004-tone-brightening-ampoule-50ml-25,https://ojhmixspicxmtyjgmcck.supabase.co/storage/v1/object/public/product-images/public/t8xmm6ae7o8_1788913559961.jpeg,Yuri Glow,"العناية بالبشرة"
26,"K18 Hair Mask 50ml","ماسك علاجي متطور لإصلاح الشعر التالف على المستوى الجزيئي، ومناسب خصوصًا للشعر المتضرر من الصبغات، سحب اللون، الفرد والمعالجات الكيميائية والحرارة. يحتوي على تقنية K18PEPTIDE™ التي تساعد على إعادة ترابط سلاسل الكيراتين المتضررة، مما يعيد للشعر قوته ومرونته ومظهره الصحي. يعمل في 4 دقائق فقط وبدون شطف. ",in stock,new,3300 EGP,https://www.yurigloweg.com/products/k18-hair-mask-50ml-26,https://ojhmixspicxmtyjgmcck.supabase.co/storage/v1/object/public/product-images/public/p6wnv458zl_1788913993644.jpeg,Yuri Glow,"العناية بالشعر"
27,"Medicube Zero Pore Pad Mild 70 pads","نسخة لطيفة ومخصصة للبشرة الحساسة من بادات التونر الشهيرة لتقشير البشرة والعناية بالمسام.",out of stock,new,1300 EGP,https://www.yurigloweg.com/products/medicube-zero-pore-pad-mild-70-pads-27,https://ojhmixspicxmtyjgmcck.supabase.co/storage/v1/object/public/product-images/public/mdf1zm64ec_1788956327486.webp,Yuri Glow,"العناية بالبشرة"
29,"COSRX Low pH Good Morning Gel Cleanser 150ml","غسول جل لطيف بدرجة حموضة منخفضة Low pH، ينظف البشرة من الأوساخ والشوائب والدهون الزائدة بدون ما يسبب لها جفاف أو إحساس بالشد، مع المساعدة في الحفاظ على توازن البشرة وحاجزها الواقي. مناسب للاستخدام اليومي",in stock,new,900 EGP,https://www.yurigloweg.com/products/cosrx-low-ph-good-morning-gel-cleanser-150ml-29,https://ojhmixspicxmtyjgmcck.supabase.co/storage/v1/object/public/product-images/public/he3qgy9oik4_1789166194600.webp,Yuri Glow,"العناية بالبشرة"
30,"Arencia NAD+ Booster Shot – 30ml","عناية مركزة بتركيبة كريمية خفيفة تساعد على ترطيب البشرة وتحسين مرونتها ومظهرها، مع دعم الإشراقة والمظهر الصحي للبشرة. يحتوي على NAD+ Complex مع النياسيناميد والسيراميد والببتيدات ومكونات مرطبة ومضادة للأكسدة. وهو مصنف من الشركة كمنتج مناسب لجميع أنواع البشرة",in stock,new,950 EGP,https://www.yurigloweg.com/products/arencia-nad-booster-shot-30ml-30,https://ojhmixspicxmtyjgmcck.supabase.co/storage/v1/object/public/product-images/public/in3temh92qf_1789166484574.jpeg,Yuri Glow,"العناية بالبشرة"
31,"Arencia PDRN Booster Shot – 30ml","سيروم بوستر مركز للعناية بالبشرة، يحتوي على PDRN من الورد والسلمون مع الببتيدات والنياسيناميد والبانثينول، ليساعد على ترطيب البشرة وتهدئتها ودعم حاجزها الطبيعي، مع تحسين مظهر المرونة والامتلاء والنضارة.",in stock,new,950 EGP,https://www.yurigloweg.com/products/arencia-pdrn-booster-shot-30ml-31,https://ojhmixspicxmtyjgmcck.supabase.co/storage/v1/object/public/product-images/public/3tbe9eqd9wg_1789166786418.webp,Yuri Glow,"العناية بالبشرة"
33,"Seoul 1988 Eye Cream (Retinal Liposome 2% + Fermented Bean)","كريم مخصص لمنطقة حول العين، يحتوي على الريتينال مع مكونات مرطبة ومخمرة، ويساعد على تحسين مظهر الخطوط الدقيقة، التصبغات والبهتان، مع ترطيب وتنعيم منطقة تحت العين.",in stock,new,900 EGP,https://www.yurigloweg.com/products/seoul-1988-eye-cream-retinal-liposome-2-fermented-bean-33,https://ojhmixspicxmtyjgmcck.supabase.co/storage/v1/object/public/product-images/public/qw6rk66370a_1789167328555.jpeg,Yuri Glow,"العناية بالبشرة"
35,"Skin1004 | Madagascar Centella Hyalu-Cica Water-Fit Sun Serum","واقي شمس خفيف بتركيبة سيروم مائية، يجمع بين حماية عالية من أشعة الشمس SPF50+ PA++++ والترطيب والتهدئة. بيمتص بسرعة وبيترك البشرة بلمعة صحية ونضارة بدون طبقة بيضاء أو إحساس دهني ثقيل",in stock,new,950 EGP,https://www.yurigloweg.com/products/skin1004-madagascar-centella-hyalu-cica-water-fit-sun-serum-35,https://ojhmixspicxmtyjgmcck.supabase.co/storage/v1/object/public/product-images/public/8vhazcywug6_1789168090685.webp,Yuri Glow,"العناية بالبشرة"
34,"Centella Ampoule Foam 125 ml","غسول رغوي لطيف بتركيبة غنية بمستخلص السنتيلا، يساعد على تنظيف البشرة بعمق من الشوائب والزيوت الزائدة بدون ما يسبب جفاف أو شد للبشرة، ويتركها نظيفة وناعمة ومنتعشة",in stock,new,850 EGP,https://www.yurigloweg.com/products/centella-ampoule-foam-125-ml-34,https://ojhmixspicxmtyjgmcck.supabase.co/storage/v1/object/public/product-images/public/stxu9keqqnj_1789167745553.webp,Yuri Glow,"العناية بالبشرة"
36," EPII HPR PRO SHOT","سيروم/علاج ليلي مركز يساعد على تجديد البشرة، تحسين الملمس، تقليل مظهر الخطوط والمسام، وتوحيد وإضاءة البشرة، مع مكونات مهدئة ومرطبة للمساعدة على تقليل الجفاف والتهيج",in stock,new,1050 EGP,https://www.yurigloweg.com/products/epii-hpr-pro-shot-36,https://ojhmixspicxmtyjgmcck.supabase.co/storage/v1/object/public/product-images/public/8ztsuu9jl03_1789229144345.webp,Yuri Glow,"العناية بالبشرة"
37,"SKIN1004 Madagascar Centella Travel Kit","مجموعة العناية المتكاملة من SKIN1004، بتجمعلك 5 منتجات أساسية في روتين واحد بحجم ميني، مثالية للسفر أو لتجربة مجموعة سنتيلا ماداغاسكار",in stock,new,1250 EGP,https://www.yurigloweg.com/products/skin1004-madagascar-centella-travel-kit-37,https://ojhmixspicxmtyjgmcck.supabase.co/storage/v1/object/public/product-images/public/gdh5li7gqc7_1789313091199.jpeg,Yuri Glow,"العناية بالبشرة"
39,"COSRX Advanced Snail 96 Mucin Power Essence","إيسنس خفيف ومرطب بتركيبة تحتوي على 96% من مستخلص الحلزون، يساعد على ترطيب البشرة وتحسين ملمسها ومنحها مظ",in stock,new,1000 EGP,https://www.yurigloweg.com/products/cosrx-advanced-snail-96-mucin-power-essence-39,https://ojhmixspicxmtyjgmcck.supabase.co/storage/v1/object/public/product-images/public/13msj6ejc11n_1789337696617.webp,Yuri Glow,"العناية بالبشرة"
40,"Karseell Maca Power – Maca Essence Oil","زيت عناية متعدد الاستخدامات من karseell مصمم لترطيب الجسم والعناية بالشعر التالف والجاف ليمنحة مظهرا اكثر نعومه ولمعانا",in stock,new,970 EGP,https://www.yurigloweg.com/products/karseell-maca-power-maca-essence-oil-40,https://ojhmixspicxmtyjgmcck.supabase.co/storage/v1/object/public/product-images/public/tyguq3xv7yn_1789338038235.jpeg,Yuri Glow,"العناية بالشعر"
32,"Dr.Melaxin - Cemenrete Calcium Volume Multi Balm","هو عبارة عن ستيك (قلم) بلسم كوري متعدد الاستخدامات، مصمم خصيصاً لترطيب البشرة، شد الترهلات، وملء التجاعيد والخطوط الدقيقة، وخاصة في المناطق الحساسة مثل تحت العين، حول الفم، والرقبة",out of stock,new,1000 EGP,https://www.yurigloweg.com/products/dr-melaxin-cemenrete-calcium-volume-multi-balm-32,https://ojhmixspicxmtyjgmcck.supabase.co/storage/v1/object/public/product-images/public/mrqjo71xso_1789322034534.jpg,Yuri Glow,"العناية بالبشرة"
41," COSRX Salicylic Acid Daily Gentle Cleanser 50ml","غسول للوجه يساعد على تنظيف البشرة من الأوساخ والدهون الزائدة، مع دعم تنقية المسام والحفاظ على نظافة البشرة ",in stock,new,600 EGP,https://www.yurigloweg.com/products/cosrx-salicylic-acid-daily-gentle-cleanser-50ml-41,https://ojhmixspicxmtyjgmcck.supabase.co/storage/v1/object/public/product-images/public/d2fk1e89ae7_1789338383568.webp,Yuri Glow,"العناية بالبشرة"
42,"COSRX Salicylic Acid Daily Gentle Cleanser  150 ml","غسول للوجة تساعد  علي تنظيف البشرة من الأوساخ والدهون الزائدة، مع دعم تنقية المسام والحفاظ على نظافة البشره ",in stock,new,900 EGP,https://www.yurigloweg.com/products/cosrx-salicylic-acid-daily-gentle-cleanser-150-ml-42,https://ojhmixspicxmtyjgmcck.supabase.co/storage/v1/object/public/product-images/public/qexv5pa28b7_1789338567975.webp,Yuri Glow,"العناية بالبشرة"
28,"COSRX Low pH Good Morning Gel Cleanser 50ml","غسول جل لطيف بدرجة حموضة منخفضة Low pH، ينظف البشرة من الأوساخ والشوائب والدهون الزائدة بدون ما يسبب لها جفاف أو إحساس بالشد، مع المساعدة في الحفاظ على توازن البشرة وحاجزها الواقي. مناسب للاستخدام اليومي",in stock,new,600 EGP,https://www.yurigloweg.com/products/cosrx-low-ph-good-morning-gel-cleanser-50ml-28,https://ojhmixspicxmtyjgmcck.supabase.co/storage/v1/object/public/product-images/public/i0b2wo7zfx_1789338686940.jpeg,Yuri Glow,"العناية بالبشرة"
43,"Celimax Dark Spot","سيروم سيليماكس لتفتيح البقع الداكنة والمسام
سيروم خفيف يساعد على توحيد لون البشرة وتقليل مظهر التصبغات والمسام الواسعه ",in stock,new,900 EGP,https://www.yurigloweg.com/products/celimax-dark-spot-43,https://ojhmixspicxmtyjgmcck.supabase.co/storage/v1/object/public/product-images/public/3r76w0bv0tg_1789339309902.jpeg,Yuri Glow,"العناية بالبشرة"
44,"Orien Zero Film Sunscreen SPF50+ PA++++","واقي شمس كوري خفيف بتركيبة Oil Control، يوفر حماية عالية SPF50+ PA++++ من أشعة UVA وUVB، مع إحساس خفيف ومريح على البشرة بدون طبقة دهنية أو لزجة. يساعد على التحكم في الإفرازات الدهنية ويترك البشرة ناعمة ومنتعشة، لذلك مناسب جدًا للبشرة المختلطة والدهنية ويمكن استخدامه قبل المكياج",in stock,new,600 EGP,https://www.yurigloweg.com/products/orien-zero-film-sunscreen-spf50-pa-44,https://ojhmixspicxmtyjgmcck.supabase.co/storage/v1/object/public/product-images/public/1ohapw0rnw9_1789403578709.webp,Yuri Glow,"العناية بالبشرة"
45,"AROMATICA Rosemary Root Enhancer 100ml","تونك فروة رأس بالروزماري، قوامه خفيف وسريع الامتصاص ومش بيسيب إحساس دهني أو بقايا على الشعر. يحتوي على الروزماري والفيتامينات والكافيين ومكونات نباتية للمساعدة في تغذية الجذور والحفاظ على توازن فروة الرأس",out of stock,new,1150 EGP,https://www.yurigloweg.com/products/aromatica-rosemary-root-enhancer-100ml-45,https://ojhmixspicxmtyjgmcck.supabase.co/storage/v1/object/public/product-images/public/g88xz49xpxc_1789403936806.webp,Yuri Glow,"العناية بالشعر"
46,"+Purito Seoul Retinol Retinal 2000 NAD","سيروم متطور لمكافحة علامات التقدم في العمر، يجمع بين Retinol + Retinal + NAD+ في تركيبة واحدة، للمساعدة على تحسين مظهر الخطوط الدقيقة والتجاعيد، تنعيم ملمس البشرة، ودعم مظهر أكثر تماسكًا وإشراقًا مع الاستخدام المنتظم",out of stock,new,1199 EGP,https://www.yurigloweg.com/products/purito-seoul-retinol-retinal-2000-nad-46,https://ojhmixspicxmtyjgmcck.supabase.co/storage/v1/object/public/product-images/public/cdd0ywqdglj_1789404295901.webp,Yuri Glow,"العناية بالبشرة"
47,"SKIN1004 Madagascar Centella Poremizing Travel Kit","مجموعة عناية مصغّرة مخصصة للمسام، تساعد على تنظيف البشرة بعمق، تقليل مظهر المسام، التحكم في الإفرازات الدهنية وتحسين ملمس البشرة، مع ترطيب وتهدئة البشرة. المجموعة تحتوي على 4 منتجات بحجم السفر",in stock,new,1250 EGP,https://www.yurigloweg.com/products/skin1004-madagascar-centella-poremizing-travel-kit-47,https://ojhmixspicxmtyjgmcck.supabase.co/storage/v1/object/public/product-images/public/1ftzpt6gzll_1789849929288.webp,Yuri Glow,"العناية بالبشرة"
48,"Medicube TXA Niacinamide 15% Serum","سيروم مخصص لتفتيح البشرة وتقليل مظهر التصبغات والبقع الداكنة وآثار الحبوب، ويساعد على توحيد لون البشرة ومنحها مظهرًا أكثر إشراقًا",in stock,new,1150 EGP,https://www.yurigloweg.com/products/medicube-txa-niacinamide-15-serum-48,https://ojhmixspicxmtyjgmcck.supabase.co/storage/v1/object/public/product-images/public/55x2fumq3ei_1789850400982.webp,Yuri Glow,"العناية بالبشرة"
49,"ACM Dépiwhite Advanced Cream","كريم مكثف مخصص للتصبغات والبقع البنية، يساعد على تقليل ظهور التصبغات وتوحيد لون البشرة وإعطائها مظهرًا أكثر إشراقًا. مناسب خصوصًا للبقع الناتجة عن فرط التصبغ. المنتج 40 مل ومصمم للاستخدام الموضعي على المناطق المصابة",in stock,new,900 EGP,https://www.yurigloweg.com/products/acm-d-piwhite-advanced-cream-49,https://ojhmixspicxmtyjgmcck.supabase.co/storage/v1/object/public/product-images/public/fj7go4gw2yj_1789850758384.jpeg,Yuri Glow,"العناية بالبشرة"
50,"Seoul 1988 Serum Retinal Liposome 2% + Black Ginseng","رجّع شباب بشرتك مع سيروم سيول 1988 من كيه-سيكريت – تركيبة مبتكرة تجمع بين 2% ريتينال ليبوزوم المجدد للبشرة والجينسنغ الأسود القوي لمحاربة التجاعيد والتصبغات!
سيروم ليلي بتركيبة خفيفة وفعّالة، يشتغل بذكاء على تجديد الخلايا وتحسين ملمس البشرة تدريجيًا.",in stock,new,950 EGP,https://www.yurigloweg.com/products/seoul-1988-serum-retinal-liposome-2-black-ginseng-50,https://ojhmixspicxmtyjgmcck.supabase.co/storage/v1/object/public/product-images/public/2cvyrlo0e1n_1790372433918.jpg,Yuri Glow,"العناية بالبشرة"
15,"Anua Niacinamide 10% + TXA 4%","سيروم خفيف ومائي من Anua مخصص لتفتيح وتوحيد لون البشرة وتقليل مظهر التصبغات والبقع الداكنة وآثار الحبوب. تركيبته تجمع بين 10% نياسيناميد + 4% ترانكساميك أسيد (TXA) + 2% أربوتين، مع مكونات مرطبة وداعمة لحاجز البشرة. كما أنه خالٍ من العطور وقوامه خفيف وغير دهني",in stock,new,1150 EGP,https://www.yurigloweg.com/products/anua-niacinamide-10-txa-4-15,https://ojhmixspicxmtyjgmcck.supabase.co/storage/v1/object/public/product-images/public/6ilf85u0dfm_1788694639672.jpeg,Yuri Glow,"العناية بالبشرة"
51,"Anua PDRN Hyaluronic Acid Hydrating Capsule Mist","ميست خفيف للوجه يعمل كـ دفعة ترطيب فورية للبشرة، ويمنحها مظهرًا نضرًا ونديًا من غير إحساس دهني أو لزج. يمكن استخدامه ضمن روتين العناية أو قبل وبعد المكياج وحتى خلال اليوم لتجديد الترطيب",in stock,new,1300 EGP,https://www.yurigloweg.com/products/anua-pdrn-hyaluronic-acid-hydrating-capsule-mist-51,https://ojhmixspicxmtyjgmcck.supabase.co/storage/v1/object/public/product-images/public/a2ibialyi2_1790697235290.webp,Yuri Glow,"العناية بالبشرة"
52,"DR.ALTHEA PDRN REJU 5000 CREAM","كريم مرطّب ومهدئ مصمم لدعم حاجز البشرة وتحسين مظهرها من حيث الترطيب، النعومة والمرونة. يحتوي على PDRN بتركيز 5,000ppm المستخلص من مصادر نباتية/تخميرية، مع مكونات مهدئة ومرطبة تساعد البشرة على الحصول على مظهر أكثر امتلاءً وإشراقًا",in stock,new,950 EGP,https://www.yurigloweg.com/products/dr-althea-pdrn-reju-5000-cream-52,https://ojhmixspicxmtyjgmcck.supabase.co/storage/v1/object/public/product-images/public/emw3x1emj5w_1790697453616.jpeg,Yuri Glow,"العناية بالبشرة"
54,"Arencia Fresh Green Rice Mochi Cleanser","غسول كوري بتركيبة غنية بمكونات طبيعية، يساعد على تنظيف البشرة من الدهون والشوائب وتنقية المسام، مع ترك البشرة ناعمة ومنتعشة. مناسب بشكل خاص للبشرة المختلطة والدهنية والمعرضة لانسداد المسام",in stock,new,1100 EGP,https://www.yurigloweg.com/products/arencia-fresh-green-rice-mochi-cleanser-54,https://ojhmixspicxmtyjgmcck.supabase.co/storage/v1/object/public/product-images/public/i2737el2wn_1790698228057.webp,Yuri Glow,"العناية بالبشرة"
55,"COSRX Hyaluronic Acid Intensive Cream","مرطب غني ومكثف مصمم للبشرة الجافة والمُتعطشة للترطيب. يساعد على زيادة ترطيب البشرة والحفاظ على الماء داخلها، ليترك البشرة أكثر نعومة وامتلاءً وراحة بدون إحساس دهني أو ثقيل",in stock,new,1050 EGP,https://www.yurigloweg.com/products/cosrx-hyaluronic-acid-intensive-cream-55,https://ojhmixspicxmtyjgmcck.supabase.co/storage/v1/object/public/product-images/public/h0satyq9dh4_1790698564735.webp,Yuri Glow,"العناية بالبشرة"
56,"Mary & May Tranexamic Acid + Glutathione Eye Cream – Travel Size 12g","كريم مخصص لمنطقة تحت العين، بتركيبة مركزة تساعد على تفتيح مظهر الهالات والتصبغات حول العين وتحسين توحيد لون البشرة، مع ترطيب المنطقة ومنحها مظهرًا أكثر إشراقًا وحيوية",in stock,new,270 EGP,https://www.yurigloweg.com/products/mary-may-tranexamic-acid-glutathione-eye-cream-travel-size-12g-56,https://ojhmixspicxmtyjgmcck.supabase.co/storage/v1/object/public/product-images/public/0ufgs19nw4f_1790698795228.jpeg,Yuri Glow,"العناية بالبشرة"
57,"Purito SEOUL – Mighty Bamboo Panthenol Cream"," كريم مرطب بتركيبة غنية بـ 10% بانثينول ومستخلص  البامبو الكوري، بيساعد على ترطيب البشرة بعمق، وتقوية الحاجز الواقي، وتهدئة البشرة الحساسة والمجهدة، مع الحفاظ على نعومتها ونضارتها من غير ما يسيب إحساس دهني تقيل. ",in stock,new,950 EGP,https://www.yurigloweg.com/products/purito-seoul-mighty-bamboo-panthenol-cream-57,https://ojhmixspicxmtyjgmcck.supabase.co/storage/v1/object/public/product-images/public/j2hh0mfqzci_1791124771823.webp,Yuri Glow,"العناية بالبشرة"
16,"The Ordinary Glycolic Acid 7% Exfoliating Toner 100 ml","تونر مقشّر بتركيبة مائية تحتوي على 7% Glycolic Acid، وهو من أحماض الـAHA التي تساعد على إزالة خلايا الجلد الميتة وتحسين ملمس البشرة وتوحيد مظهر لونها، للحصول على بشرة أنعم وأكثر إشراقًا. ",in stock,new,1250 EGP,https://www.yurigloweg.com/products/the-ordinary-glycolic-acid-7-exfoliating-toner-100-ml-16,https://ojhmixspicxmtyjgmcck.supabase.co/storage/v1/object/public/product-images/public/0wbltxqyozg_1788696165206.webp,Yuri Glow,"العناية بالبشرة"
58,"AXIS-Y The Spot Difference Blemish Treatment – 15ml","علاج موضعي للحبوب من AXIS-Y، بتركيبة مهدئة تساعد على تقليل ظهور الحبوب والاحمرار، وتنظيم إفراز الدهون، مع ترطيب البشرة ودعم حاجزها الطبيعي دون التسبب في جفافها",in stock,new,900 EGP,https://www.yurigloweg.com/products/axis-y-the-spot-difference-blemish-treatment-15ml-58,https://ojhmixspicxmtyjgmcck.supabase.co/storage/v1/object/public/product-images/public/nklcx04rwop_1791126824072.jpeg,Yuri Glow,"العناية بالبشرة"
22," Arencia Eraser Shot Glycolic Acid Booster 10 ml","Eraser Shot Glycolic Acid Booster هو بوستر مقشّر بتركيبة تجمع بين AHA + BHA + PHA، يساعد على إزالة تراكمات وخلايا الجلد الميت، تنعيم ملمس البشرة وتحسين مظهر المسام والانسداد، مع مكونات مهدئة وداعمة لحاجز البشرة. قوامه خفيف ويمتص بسهولة بدون إحساس ثقيل على البشرة",out of stock,new,400 EGP,https://www.yurigloweg.com/products/arencia-eraser-shot-glycolic-acid-booster-10-ml-22,https://ojhmixspicxmtyjgmcck.supabase.co/storage/v1/object/public/product-images/public/qqzl25rrdjj_1791127513575.png,Yuri Glow,"العناية بالبشرة"
60,"Numbuzin No.9 NAD+ Retinal Volumetox Eye Cream","كريم عين Numbuzin No.9 NAD+ Retinal Volumetox بحجم 20 مل يجمع Retinal مغلفًا بالليبوسوم مع NAD+ وPeptides وNiacinamide، للعناية بمظهر الخطوط والمرونة والهالات وتفاوت اللون حول العين.",in stock,new,1250 EGP,https://www.yurigloweg.com/products/numbuzin-no-9-nad-retinal-volumetox-eye-cream-60,https://ojhmixspicxmtyjgmcck.supabase.co/storage/v1/object/public/product-images/public/hzz45asf02_1791132254520.jpg,Yuri Glow,"العناية بالبشرة"